Source,Target,Value (tn VND),Note
All credit to the economy (2026-07),"Agriculture, forestry, fisheries",1233.0,"6.1% of credit · SBV, 2026-07"
All credit to the economy (2026-07),Industry,3255.6,"16.1% of credit · SBV, 2026-07"
All credit to the economy (2026-07),Construction,1526.4,"7.5% of credit · SBV, 2026-07"
All credit to the economy (2026-07),Trade,4533.3,"22.4% of credit · SBV, 2026-07"
All credit to the economy (2026-07),Transport & telecoms,555.0,"2.7% of credit · SBV, 2026-07"
All credit to the economy (2026-07),Other services,9158.8,"45.2% of credit · SBV, 2026-07"
Other services,Real-estate business,2519.0,"28% of other services · MoC, 2026-06"
Other services,≈ Own-use housing loans,2627.0,29% of other services · derived: total RE credit − RE business
Other services,≈ Other consumer loans,1993.0,22% of other services · derived: consumer credit − own-use housing
Other services,"≈ Unclassified (finance, hospitality, education, health…)",2019.8,"22% of other services · residual; parts from different months, so an estimate"
