Draft,First milestone,Day after latest milestone,Stage,Level,Milestones recorded,Latest milestone,Expected,Timing
Draft National Assembly Resolution on the 2027 Socio-Economic Development Plan,2026-06-12,2026-09-18,Submitted to the National Assembly,National Assembly,2,Ministry of Finance has submitted the draft 2027 Plan to the Government (growth target of 10% or higher),"2nd session, 16th National Assembly (17 Oct–20 Nov 2026)",Due at the 2nd NA session (17 Oct–20 Nov 2026)
Draft Land Law (amended),2026-07-03,2026-10-02,Submitted to the National Assembly,National Assembly,7,NA Standing Committee gives comments at its 7th session,"2nd session, 16th National Assembly (17 Oct–20 Nov 2026)",Due at the 2nd NA session (17 Oct–20 Nov 2026)
Draft Data Security Law,2026-07-03,2026-09-29,Submitted to the National Assembly,National Assembly,3,Conference of full-time National Assembly deputies gives input,"2nd session, 16th National Assembly (17 Oct–20 Nov 2026)",Due at the 2nd NA session (17 Oct–20 Nov 2026)
Draft Law amending and supplementing a number of articles of laws in the health sector,2026-07-21,2026-10-02,Submitted to the National Assembly,National Assembly,2,"Ministry of Health holds press conference, preparing to submit 4 bills to the National Assembly","2nd session, 16th National Assembly (17 Oct–20 Nov 2026)",Due at the 2nd NA session (17 Oct–20 Nov 2026)
Draft Decree replacing Decree 83/2014/NĐ-CP on petroleum trading,2026-07-23,2026-10-01,Seeking comments,Government,2,Broad consultation conference in Hà Nội,,Other or no stated timing
Draft State Budget Law (consolidated),2026-07-27,2026-09-19,Submitted to the National Assembly,National Assembly,4,Resolution 278/NQ-CP assigns completion of the dossier before 21 Sep for submission to the National Assembly,"2nd session, 16th National Assembly (17 Oct–20 Nov 2026); NA Standing Committee gives comments at its 7th session (Oct 2026)",Due at the 2nd NA session (17 Oct–20 Nov 2026)
Draft Law on Cultural Industry Development,2026-08-06,2026-09-25,Submitted to the National Assembly,National Assembly,4,"NA Standing Committee gives comments; Minister of Culture, Sports and Tourism presents the submission",,Other or no stated timing
Draft Law amending and supplementing a number of articles of the Investment Law,2026-08-19,2026-10-01,Submitted to the National Assembly,National Assembly,3,Added to the list of items for the 2nd session,"2nd session, 16th National Assembly (17 Oct–20 Nov 2026) (added to the session agenda)",Due at the 2nd NA session (17 Oct–20 Nov 2026)
Draft Housing Law (amended),2026-08-24,2026-10-03,Submitted to the National Assembly,National Assembly,3,NA Standing Committee gives comments at its 7th session,"2nd session, 16th National Assembly (17 Oct–20 Nov 2026)",Due at the 2nd NA session (17 Oct–20 Nov 2026)
Draft Real Estate Business Law (amended),2026-08-24,2026-10-03,Submitted to the National Assembly,National Assembly,4,NA Standing Committee gives comments at its 7th session,"2nd session, 16th National Assembly (17 Oct–20 Nov 2026)",Due at the 2nd NA session (17 Oct–20 Nov 2026)
Draft Law amending and supplementing a number of articles of the Electricity Law,2026-09-15,2026-09-22,Submitted to the National Assembly,National Assembly,2,NA Standing Committee gives comments at its 6th session,"2nd session, 16th National Assembly (17 Oct–20 Nov 2026)",Due at the 2nd NA session (17 Oct–20 Nov 2026)
Draft Law on Legal Normative Documents,2026-09-22,2026-09-30,Submitted to the National Assembly,National Assembly,2,Government issues Resolution 294/NQ-CP agreeing the content and authorising the Minister of Justice to submit to the NA Standing Committee,"2nd session, 16th National Assembly (17 Oct–20 Nov 2026); NA Standing Committee gives comments at its 7th session (Oct 2026)",Due at the 2nd NA session (17 Oct–20 Nov 2026)
Draft Law on Marine and Island Resources and Environment (amended),2026-09-22,2026-09-23,Submitted to the National Assembly,National Assembly,1,NA Standing Committee gives comments; Deputy Minister of Agriculture and Environment presents,,Due at the 2nd NA session (17 Oct–20 Nov 2026)
"Draft Decree amending and supplementing Decrees 262, 263, 265, 267, 268 guiding the Law on Science, Technology and Innovation",2026-09-25,2026-09-26,Seeking comments,Government,1,"Conference gathering comments on the draft with the University of Law – Vietnam National University, Hà Nội",2026-10 (submission to the Government),Other or no stated timing
Draft Decree detailing a number of articles and measures to organise and guide implementation of the Petroleum Law,2026-09-25,2026-10-02,Seeking comments,Government,2,Posted for comments on the Government e-portal (1–10 Oct 2026),,Other or no stated timing
