Activity,Sector group,2010,2011,2012,2013,2014,2015,2016,2017,2018,2019,2020,2021,2022,2023,2024,2025
Mining & quarrying,Industry & construction,6.8,7.79,7.52,6.84,6.62,4.25,3.33,3.28,3.51,3.0,2.4,2.49,3.27,2.82,2.43,2.1
Manufacturing,Industry & construction,17.13,18.69,20.27,20.69,20.37,20.96,21.49,22.63,23.37,23.79,23.95,24.46,24.66,24.11,24.33,24.53
Electricity & gas,Industry & construction,2.39,2.22,2.31,2.51,2.8,3.12,3.28,3.41,3.46,3.66,3.9,3.94,4.0,4.05,4.23,4.4
Water supply & waste,Industry & construction,0.43,0.42,0.44,0.45,0.46,0.49,0.49,0.49,0.5,0.5,0.5,0.51,0.49,0.5,0.5,0.49
Construction,Industry & construction,6.27,5.46,5.31,5.09,5.05,5.44,5.52,5.58,5.71,5.86,6.0,5.99,6.06,6.11,6.03,6.13
Wholesale & retail trade,Services,7.4,7.62,8.2,8.45,8.76,9.14,9.2,9.17,9.15,9.34,9.59,9.38,9.61,9.76,9.75,9.72
Transport & storage,Services,4.72,4.6,4.64,4.85,4.94,4.93,5.07,4.88,4.95,5.03,4.81,4.45,4.67,4.94,5.18,5.3
Hotels & restaurants,Services,2.83,2.73,2.72,2.82,2.84,2.9,2.92,2.94,2.9,2.94,2.26,1.73,2.21,2.45,2.53,2.62
Information & communications,Services,4.39,3.81,3.7,3.75,3.74,3.92,3.93,3.8,3.69,3.65,3.62,3.6,3.5,3.5,3.37,3.26
"Finance, banking & insurance",Services,4.49,4.4,4.38,4.49,4.34,4.47,4.46,4.4,4.35,4.39,4.45,4.73,4.74,4.82,4.81,4.8
Real estate,Services,5.14,4.92,4.67,4.61,4.5,4.51,4.49,4.29,4.02,3.91,3.84,3.65,3.48,3.59,3.49,3.49
"Professional, science & tech",Services,2.38,2.31,2.3,2.37,2.35,2.42,2.39,2.31,2.23,2.18,2.25,2.24,2.11,2.1,2.04,1.99
Administrative & support,Services,1.61,1.49,1.45,1.51,1.51,1.55,1.55,1.51,1.49,1.49,1.17,0.93,1.11,1.19,1.21,1.23
"Public admin, defence & social security",Services,2.19,2.02,2.06,2.16,2.19,2.24,2.22,2.15,2.15,2.15,2.18,2.18,2.0,2.04,2.03,2.06
Education & training,Services,2.92,2.67,2.65,2.81,2.94,3.18,3.32,3.42,3.51,3.65,3.84,3.87,3.73,3.88,3.89,3.88
Health & social work,Services,1.03,0.96,0.97,1.28,1.35,1.42,1.75,2.18,2.24,2.24,2.42,3.24,2.65,2.57,2.65,2.95
Arts & entertainment,Services,0.71,0.64,0.64,0.65,0.65,0.68,0.68,0.68,0.68,0.68,0.64,0.56,0.58,0.63,0.62,0.63
Other services,Services,0.71,0.62,0.63,0.68,0.7,0.72,0.74,0.72,0.7,0.69,0.63,0.56,0.62,0.67,0.67,0.68
Households as employers,Services,0.11,0.11,0.11,0.11,0.12,0.12,0.13,0.13,0.13,0.13,0.13,0.13,0.12,0.12,0.12,0.12
"Agriculture, forestry & fishing","Agriculture, forestry & fishing",15.38,16.26,16.2,15.22,14.88,14.47,13.82,12.93,12.31,11.78,12.66,12.6,11.88,11.87,12.03,11.65
