Year,Actual (NSO),GSO/UNFPA projection (medium),UN WPP 2024 (medium)
2000,77.631,,
2001,78.621,,
2002,79.538,,
2003,80.467,,
2004,81.436,,
2005,82.392,,
2006,83.311,,
2007,84.219,,
2008,85.119,,
2009,86.025,,
2010,87.067,,
2011,88.146,,
2012,89.203,,
2013,90.191,,
2014,91.204,,
2015,92.229,,
2016,93.251,,
2017,94.286,,
2018,95.385,,
2019,96.484,,
2020,97.583,,
2021,98.504,,
2022,99.468,,
2023,100.309,,
2024,101.344,,
2025,102.345,101.571,101.599
2030,,105.219,104.255
2035,,108.478,106.531
2040,,111.375,108.438
2045,,113.667,109.685
2050,,115.249,110.009
