Province,Year,GRDP per person (USD),Real GRDP growth (%),Average population (m),Region,GRDP per person (million VND),NSO status
Tuyên Quang,2020,1566,4.5,1.66,Northern midlands & mountains,36.34,official
Cao Bằng,2020,1543,6.02,0.53,Northern midlands & mountains,35.81,official
Lai Châu,2020,1867,8.19,0.47,Northern midlands & mountains,43.33,official
Lào Cai,2020,2372,4.06,1.58,Northern midlands & mountains,55.06,official
Thái Nguyên,2020,3617,3.44,1.62,Northern midlands & mountains,83.95,official
Điện Biên,2020,1426,2.49,0.61,Northern midlands & mountains,33.09,official
Lạng Sơn,2020,1906,3.9,0.79,Northern midlands & mountains,44.23,official
Sơn La,2020,1866,7.21,1.27,Northern midlands & mountains,43.32,official
Phú Thọ,2020,3051,3.08,3.51,Northern midlands & mountains,70.82,official
Bắc Ninh,2020,4359,7.15,3.26,Red River Delta,101.17,official
Quảng Ninh,2020,6704,8.04,1.34,Red River Delta,155.6,official
Hà Nội,2020,5317,4.11,8.25,Red River Delta,123.4,official
Hải Phòng,2020,4407,8.09,3.97,Red River Delta,102.28,official
Hưng Yên,2020,2606,3.93,3.14,Red River Delta,60.49,official
Ninh Bình,2020,2406,6.28,3.64,Red River Delta,55.84,official
Thanh Hóa,2020,2209,5.06,3.66,North Central,51.26,official
Nghệ An,2020,1855,4.44,3.37,North Central,43.06,official
Hà Tĩnh,2020,2738,2.85,1.3,North Central,63.55,official
Quảng Trị,2020,2112,3.42,1.54,North Central,49.02,official
Huế,2020,2092,2.04,1.13,North Central,48.56,official
Đà Nẵng,2020,3260,-4.61,2.67,South Central Coast & Central Highlands,75.66,official
Quảng Ngãi,2020,2639,1.02,1.79,South Central Coast & Central Highlands,61.26,official
Gia Lai,2020,2205,3.79,3.03,South Central Coast & Central Highlands,51.18,official
Đắk Lắk,2020,2046,5.05,2.76,South Central Coast & Central Highlands,47.48,official
Khánh Hòa,2020,2697,-4.95,1.83,South Central Coast & Central Highlands,62.6,official
Lâm Đồng,2020,2689,3.87,3.19,South Central Coast & Central Highlands,62.4,official
Đồng Nai,2020,4465,3.36,4.19,Southeast,103.64,official
Tây Ninh,2020,3249,3.77,2.89,Southeast,75.41,official
TP. Hồ Chí Minh,2020,6817,0.33,12.98,Southeast,158.23,official
Đồng Tháp,2020,2354,0.73,3.37,Mekong Delta,54.64,official
An Giang,2020,2194,2.98,3.63,Mekong Delta,50.93,official
Vĩnh Long,2020,2259,2.96,3.33,Mekong Delta,52.44,official
Cần Thơ,2020,2480,0.62,3.17,Mekong Delta,57.55,official
Cà Mau,2020,2147,2.3,2.11,Mekong Delta,49.83,official
Tuyên Quang,2024,2000,7.26,1.73,Northern midlands & mountains,48.34,preliminary
Cao Bằng,2024,1831,6.14,0.56,Northern midlands & mountains,44.25,preliminary
Lai Châu,2024,2499,10.56,0.5,Northern midlands & mountains,60.38,preliminary
Lào Cai,2024,3035,7.53,1.66,Northern midlands & mountains,73.33,preliminary
Thái Nguyên,2024,4276,3.77,1.69,Northern midlands & mountains,103.33,preliminary
Điện Biên,2024,1975,8.57,0.66,Northern midlands & mountains,47.74,preliminary
Lạng Sơn,2024,2581,5.67,0.81,Northern midlands & mountains,62.36,preliminary
Sơn La,2024,2375,6.24,1.33,Northern midlands & mountains,57.38,preliminary
Phú Thọ,2024,4029,9.27,3.66,Northern midlands & mountains,97.37,preliminary
Bắc Ninh,2024,5428,10.32,3.51,Red River Delta,131.17,preliminary
Quảng Ninh,2024,9687,8.26,1.4,Red River Delta,234.1,preliminary
Hà Nội,2024,6742,6.54,8.72,Red River Delta,162.92,preliminary
Hải Phòng,2024,6538,10.5,4.1,Red River Delta,158.01,preliminary
Hưng Yên,2024,3682,6.96,3.21,Red River Delta,88.98,preliminary
Ninh Bình,2024,3267,9.49,3.82,Red River Delta,78.96,preliminary
Thanh Hóa,2024,3365,10.49,3.76,North Central,81.32,preliminary
Nghệ An,2024,2514,8.36,3.47,North Central,60.75,preliminary
Hà Tĩnh,2024,3427,7.14,1.33,North Central,82.81,preliminary
Quảng Trị,2024,2890,6.33,1.58,North Central,69.84,preliminary
Huế,2024,2802,7.19,1.18,North Central,67.72,preliminary
Đà Nẵng,2024,4117,7.58,2.82,South Central Coast & Central Highlands,99.48,preliminary
Quảng Ngãi,2024,3826,5.04,1.86,South Central Coast & Central Highlands,92.47,preliminary
Gia Lai,2024,3129,5.49,3.15,South Central Coast & Central Highlands,75.63,preliminary
Đắk Lắk,2024,2944,5.41,2.83,South Central Coast & Central Highlands,71.14,preliminary
Khánh Hòa,2024,4187,10.84,1.88,South Central Coast & Central Highlands,101.19,preliminary
Lâm Đồng,2024,3865,5.64,3.32,South Central Coast & Central Highlands,93.39,preliminary
Đồng Nai,2024,5544,7.27,4.43,Southeast,133.98,preliminary
Tây Ninh,2024,4284,8.09,2.96,Southeast,103.53,preliminary
TP. Hồ Chí Minh,2024,8137,5.86,13.61,Southeast,196.63,preliminary
Đồng Tháp,2024,3179,6.76,3.4,Mekong Delta,76.82,preliminary
An Giang,2024,3030,6.9,3.68,Mekong Delta,73.22,preliminary
Vĩnh Long,2024,3131,7.51,3.37,Mekong Delta,75.67,preliminary
Cần Thơ,2024,3581,7.42,3.21,Mekong Delta,86.53,preliminary
Cà Mau,2024,2942,7.82,2.14,Mekong Delta,71.1,preliminary
Tuyên Quang,2025,2186,6.4,1.75,Northern midlands & mountains,54.61,estimate
Cao Bằng,2025,1985,7.22,0.56,Northern midlands & mountains,49.59,estimate
Lai Châu,2025,3180,7.52,0.5,Northern midlands & mountains,79.43,estimate
Lào Cai,2025,3390,8.14,1.68,Northern midlands & mountains,84.68,estimate
Thái Nguyên,2025,4500,6.33,1.71,Northern midlands & mountains,112.4,estimate
Điện Biên,2025,2137,7.34,0.67,Northern midlands & mountains,53.39,estimate
Lạng Sơn,2025,2841,8.06,0.82,Northern midlands & mountains,70.95,estimate
Sơn La,2025,2858,8.03,1.34,Northern midlands & mountains,71.38,estimate
Phú Thọ,2025,4458,10.52,3.7,Northern midlands & mountains,111.35,estimate
Bắc Ninh,2025,5852,10.27,3.57,Red River Delta,146.15,estimate
Quảng Ninh,2025,10458,11.89,1.41,Red River Delta,261.2,estimate
Hà Nội,2025,7178,8.16,8.86,Red River Delta,179.29,estimate
Hải Phòng,2025,7086,11.81,4.15,Red River Delta,177.0,estimate
Hưng Yên,2025,3958,8.78,3.24,Red River Delta,98.86,estimate
Ninh Bình,2025,3570,10.65,3.84,Red River Delta,89.18,estimate
Thanh Hóa,2025,3543,8.27,3.77,North Central,88.49,estimate
Nghệ An,2025,2707,8.44,3.5,North Central,67.61,estimate
Hà Tĩnh,2025,3624,8.78,1.34,North Central,90.51,estimate
Quảng Trị,2025,3099,8.0,1.59,North Central,77.41,estimate
Huế,2025,3014,8.5,1.19,North Central,75.27,estimate
Đà Nẵng,2025,4430,9.18,2.86,South Central Coast & Central Highlands,110.65,estimate
Quảng Ngãi,2025,4078,10.02,1.88,South Central Coast & Central Highlands,101.85,estimate
Gia Lai,2025,3405,7.2,3.18,South Central Coast & Central Highlands,85.04,estimate
Đắk Lắk,2025,3225,6.68,2.85,South Central Coast & Central Highlands,80.56,estimate
Khánh Hòa,2025,4417,7.11,1.9,South Central Coast & Central Highlands,110.32,estimate
Lâm Đồng,2025,4214,6.42,3.36,South Central Coast & Central Highlands,105.25,estimate
Đồng Nai,2025,6037,9.63,4.49,Southeast,150.8,estimate
Tây Ninh,2025,4629,9.52,2.98,Southeast,115.61,estimate
TP. Hồ Chí Minh,2025,8622,7.53,13.8,Southeast,215.34,estimate
Đồng Tháp,2025,3364,7.38,3.4,Mekong Delta,84.02,estimate
An Giang,2025,3212,8.39,3.69,Mekong Delta,80.22,estimate
Vĩnh Long,2025,3299,5.84,3.38,Mekong Delta,82.4,estimate
Cần Thơ,2025,3800,7.23,3.22,Mekong Delta,94.92,estimate
Cà Mau,2025,3147,7.23,2.15,Mekong Delta,78.61,estimate
